{"name":"edd009a1-0dc8-4b65-84d4-8f9433a553f9","id":"/providers/Microsoft.Flow/flows/edd009a1-0dc8-4b65-84d4-8f9433a553f9","type":"Microsoft.Flow/flows","properties":{"apiId":"/providers/Microsoft.PowerApps/apis/shared_logicflows","displayName":"Power Apps 단추","definition":{"metadata":{"workflowEntityId":null,"processAdvisorMetadata":null,"flowclientsuspensionreason":"None","flowclientsuspensiontime":null,"creator":{"id":"d9c9ba17-6d9a-4875-9577-fe9551b79eb2","type":"User","tenantId":"f3b6db14-a89d-471a-a5b7-9740cb6c0075"},"provisioningMethod":"FromDefinition","failureAlertSubscription":true,"clientLastModifiedTime":"2021-05-23T01:26:09.8407081Z"},"$schema":"https://schema.management.azure.com/providers/Microsoft.Logic/schemas/2016-06-01/workflowdefinition.json#","contentVersion":"1.0.0.0","parameters":{"$authentication":{"defaultValue":{},"type":"SecureObject"}},"triggers":{"manual":{"type":"Request","kind":"PowerApp","inputs":{"schema":{"type":"object","properties":{},"required":[]}}}},"actions":{"Parse_JSON_2":{"runAfter":{"Compose":["Succeeded"]},"type":"ParseJson","inputs":{"content":"@outputs('Compose')","schema":{"type":"object","properties":{"active":{"type":"string"},"work_type":{"type":"string"},"position":{"type":"string"}}}}},"Compose":{"runAfter":{},"type":"Compose","inputs":"@triggerBody()"},"HTTP_Webhook":{"runAfter":{"Parse_JSON_2":["Succeeded"]},"type":"HttpWebhook","inputs":{"subscribe":{"method":"POST","uri":"https://prod-31.koreacentral.logic.azure.com:443/workflows/20ac2b95fde34acb8973967ca7da19cd/triggers/manual/paths/invoke?api-version=2016-10-01&sp=%2Ftriggers%2Fmanual%2Frun&sv=1.0&sig=yFt-ANNLiqQVDBQe_exxeC8RD90KBLGJahVvXuFiUe4","body":{"active":"@body('Parse_JSON_2')?['active']","work_type":"@body('Parse_JSON_2')?['work_type']","position":"@body('Parse_JSON_2')?['position']"}},"unsubscribe":{}}},"Respond_to_a_PowerApp_or_flow":{"runAfter":{"Parse_JSON":["Succeeded"]},"type":"Response","kind":"PowerApp","inputs":{"statusCode":200,"body":{"result":"@{body('Parse_JSON')?['id']}","code":"success"},"schema":{"type":"object","properties":{"result":{"title":"result","x-ms-dynamically-added":true,"type":"string"},"code":{"title":"code","x-ms-dynamically-added":true,"type":"boolean"}}}}},"Parse_JSON":{"runAfter":{"HTTP_Webhook":["Succeeded"]},"type":"ParseJson","inputs":{"content":"@body('HTTP_Webhook')","schema":{"type":"object","properties":{"id":{"type":"array","items":{"type":"string"}}}}}}},"outputs":{},"description":"Power Apps의 단추 또는 링크가 선택될 때 발생하는 하나 이상의 작업을 만듭니다. Power App에서 이 흐름을 사용하려면 흐름을 트리거할 컨트롤을 선택하고 Power Apps 리본의 [작업] 탭으로 이동한 후 [흐름]을 선택합니다."},"connectionReferences":{},"flowFailureAlertSubscribed":false}}