{"schemaVersion":"1.0","appDefinitionTemplate":{"id":"/providers/Microsoft.PowerApps/apps/","type":"Microsoft.PowerApps/apps","tags":{"primaryDeviceWidth":"1366","primaryDeviceHeight":"768","sienaVersion":"20210523T004542Z-3.21052.17.0","deviceCapabilities":"","supportsPortrait":"false","supportsLandscape":"true","primaryFormFactor":"Tablet","publisherVersion":"3.21052.17","minimumRequiredApiVersion":"2.2.0","hasComponent":"false","hasUnlockedComponent":"false","isUnifiedRootApp":"false"},"properties":{"appVersion":"2021-05-23T00:45:42Z","lifeCycleId":"Published","createdByClientVersion":{"major":3,"minor":21052,"build":17,"revision":0,"majorRevision":0,"minorRevision":0},"minClientVersion":{"major":3,"minor":21052,"build":17,"revision":0,"majorRevision":0,"minorRevision":0},"backgroundColor":"rgba(0, 176, 240, 1)","backgroundImageUri":"/10390201569893766457/Nfe801c2d-7e4a-45e6-a5e6-50570913febe-logoSmallFile","displayName":"manage","description":"","commitMessage":"","appUris":{"documentUri":{"value":"/10390201569893766457/N31ff003e-ea21-43f1-8736-810b8555631c-document.msapp"},"imageUris":[]},"createdTime":"0001-01-01T00:00:00Z","lastModifiedTime":"0001-01-01T00:00:00Z","sharedGroupsCount":0,"sharedUsersCount":0,"icons":{"smallIconUri":"/10390201569893766457/Nd6e4966d-065a-4906-a79d-e94a81feafb1-small.png","mediumIconUri":"/10390201569893766457/Nc823a9c9-327b-441d-b4a7-dcf869a44d12-medium.png","largeIconUri":"/10390201569893766457/N3df57a6b-2d6d-4573-ac25-ace50cc24ad0-large.png","wideIconUri":"/10390201569893766457/Na9d570c6-a3cb-4214-8d7c-69617234570b-wide.png"},"connectionReferences":{"128e4d38-f960-49f4-be36-057d976faaf4":{"id":"478c2841-2ee6-4cf8-a2e3-b85a3b9b6d78","displayName":"logic","iconUri":"https://az787822.vo.msecnd.net/defaulticons/api-dedicated.png","dataSources":["logic"],"dependencies":[],"dependents":[],"parameterHints":{},"isOnPremiseConnection":false,"bypassConsent":false,"dataSets":{},"apiTier":"Standard","isCustomApiConnection":true},"2c79bd72-3aa1-4cde-bb8d-0e5af2e0ea42":{"id":"05cb7e4c-3b29-4d0f-b396-4239e88797fc","displayName":"Logic flows","iconUri":"https://connectoricons-prod.azureedge.net/releases/v1.0.1438/1.0.1438.2324/logicflows/icon.png","dataSources":["PowerApps단추"],"dependencies":["db92d526-c5e4-49da-a93f-e297a0b00d62"],"dependents":[],"parameterHints":{"workflowName":{"value":"3aae3dce-4d76-466c-8e5f-6a198f4866d5"},"workflowEntityId":{},"db92d526-c5e4-49da-a93f-e297a0b00d62":{"value":"shared_teams"}},"isOnPremiseConnection":false,"bypassConsent":false,"dataSets":{},"apiTier":"Standard","isCustomApiConnection":false,"actions":["Run"]},"db92d526-c5e4-49da-a93f-e297a0b00d62":{"id":"e01a61ae-aa87-425b-94e5-8c9cb5d51b79","displayName":"Microsoft Teams","iconUri":"https://connectoricons-prod.azureedge.net/releases/v1.0.1468/1.0.1468.2418/teams/icon.png","dataSources":[],"dependencies":[],"dependents":["2c79bd72-3aa1-4cde-bb8d-0e5af2e0ea42"],"parameterHints":{},"isOnPremiseConnection":false,"bypassConsent":false,"dataSets":{},"apiTier":"Standard","isCustomApiConnection":false}},"databaseReferences":{},"almMode":"Environment","performanceOptimizationEnabled":true,"canConsumeAppPass":true,"executionRestrictions":{"isTeamsOnly":false,"dataLossPreventionEvaluationResult":{"status":"Compliant","lastEvaluationDate":"2021-05-22T12:26:41.6210265Z","violations":[],"violationsByPolicy":[],"violationErrorMessage":"The app uses the following connectors: ."}}},"appType":"ClassicCanvasApp","appComponents":[]}}